first_name ,last_name,email,gender,age,car,job,favourite film
Muhammad,Conen,mconen0@abc.net.au,Male,1,"",VP Quality Control,""
Beckie,Tack,btack1@fastcompany.com,Female,2,"",Web Developer I,""
Kennie,Merwood,kmerwood2@ucla.edu,Male,3,"",Computer Systems Analyst II,""
Nance,Croster,ncroster3@earthlink.net,Female,4,"",Web Developer I,""
Minerva,Tuison,mtuison4@chron.com,Female,5,"",Director of Sales,""
Henriette,Satyford,hsatyford5@dot.gov,Female,6,"",Safety Technician III,""
Sigismund,Glanton,sglanton6@tiny.cc,Male,7,"",Teacher,""
Caddric,Moncrefe,cmoncrefe7@miibeian.gov.cn,Male,8,"",Account Representative II,""
Guillaume,Shorie,gshorie8@slate.com,Male,9,"",Payment Adjustment Coordinator,""
Giulia,Portman,gportman9@gravatar.com,Female,10,"",Food Chemist,""
Tobiah,de Clerc,tdeclerca@last.fm,Male,11,"",Legal Assistant,""
Roth,Sirmond,rsirmondb@comcast.net,Male,12,"",Nurse Practicioner,""
Seamus,Ruoff,sruoffc@biblegateway.com,Male,13,"",Computer Systems Analyst IV,""
Fran,Jillis,fjillisd@mozilla.com,Male,14,"",VP Sales,""
Allan,Howard,ahowarde@gnu.org,Male,15,"",Office Assistant I,""
Thain,Beddin,tbeddinf@virginia.edu,Male,16,"",Statistician II,""
Urbano,Wharf,uwharfg@joomla.org,Male,17,"",VP Quality Control,""
Cherilynn,Vigars,cvigarsh@ow.ly,Female,18,"",Sales Associate,""
Luelle,Hischke,lhischkei@blinklist.com,Female,19,"",Senior Cost Accountant,""
Hakim,Lurriman,hlurrimanj@phpbb.com,Male,20,"",Staff Accountant III,""
Farica,Andress,fandressk@ibm.com,Female,21,"",Media Manager IV,""
Brandy,Deeble,bdeeblel@nih.gov,Male,22,"",Recruiting Manager,""
Sydney,Otson,sotsonm@purevolume.com,Female,23,"",Physical Therapy Assistant,""
Guglielmo,Casetta,gcasettan@usa.gov,Male,24,"",VP Product Management,""
Merilyn,Morter,mmortero@yandex.ru,Female,25,"",Systems Administrator II,""
Lindsay,Volk,lvolkp@51.la,Male,26,"",Automation Specialist I,""
Nathanial,Haken,nhakenq@yahoo.com,Male,27,"",Administrative Officer,""
Ansell,Chainey,achaineyr@patch.com,Male,28,"",Assistant Professor,""
Jody,Biggar,jbiggars@princeton.edu,Male,29,"",Staff Accountant IV,""
Jammie,Cicullo,jcicullot@alexa.com,Female,30,"",VP Sales,""
Nikos,Tacey,ntaceyu@webs.com,Male,31,"",VP Sales,""
Adara,Adlington,aadlingtonv@chicagotribune.com,Female,32,"",Account Coordinator,""
Scot,Olfert,solfertw@opera.com,Male,33,"",Project Manager,""
Cyndi,Epsly,cepslyx@dyndns.org,Female,34,"",Desktop Support Technician,""
Rasia,Hryskiewicz,rhryskiewiczy@vk.com,Female,35,"",Registered Nurse,""
Emyle,Preston,eprestonz@ucoz.com,Female,36,"",Pharmacist,""
Bayard,Champain,bchampain10@statcounter.com,Male,37,"",Chemical Engineer,""
Gerri,Friday,gfriday11@noaa.gov,Male,38,"",Senior Cost Accountant,""
Hortensia,McClay,hmcclay12@ftc.gov,Female,39,"",Associate Professor,""
Wolfy,Hynson,whynson13@whitehouse.gov,Male,40,"",Product Engineer,""
Shalna,Turbayne,sturbayne14@google.nl,Female,41,"",Executive Secretary,""
Timofei,Hammer,thammer15@deliciousdays.com,Male,42,"",Programmer Analyst III,""
Kelci,Huggin,khuggin16@jugem.jp,Female,43,"",Statistician II,""
Thorndike,Coomes,tcoomes17@plala.or.jp,Male,44,"",Chemical Engineer,""
Ingeberg,Schistl,ischistl18@ftc.gov,Female,45,"",Legal Assistant,""
Fonz,Fehner,ffehner19@usda.gov,Male,46,"",Graphic Designer,""
Romeo,Revelle,rrevelle1a@techcrunch.com,Male,47,"",VP Marketing,""
Gerardo,Node,gnode1b@washingtonpost.com,Male,48,"",Accounting Assistant III,""
Liane,Gocher,lgocher1c@cafepress.com,Female,49,"",Geological Engineer,""
Alphard,Doche,adoche1d@sourceforge.net,Male,50,"",Account Executive,""
Bevvy,Woodcraft,bwoodcraft1e@ask.com,Female,51,"",Professor,""
Ericha,Rowena,erowena1f@addthis.com,Female,52,"",Clinical Specialist,""
Jess,Jahndel,jjahndel1g@economist.com,Female,53,"",Registered Nurse,""
Aldis,Dofty,adofty1h@aol.com,Male,54,"",Research Associate,""
Gaby,McCaughey,gmccaughey1i@mapquest.com,Male,55,"",Engineer II,""
Althea,Hughson,ahughson1j@goo.gl,Female,56,"",Staff Accountant I,""
Hinze,Cracie,hcracie1k@cnbc.com,Male,57,"",Statistician IV,""
Whitaker,Ponceford,wponceford1l@odnoklassniki.ru,Male,58,"",Human Resources Manager,""
Berni,Ackland,backland1m@pcworld.com,Female,59,"",Executive Secretary,""
Giovanna,Yandle,gyandle1n@scientificamerican.com,Female,60,"",Human Resources Manager,""
Kim,Bellwood,kbellwood1o@cisco.com,Female,61,"",Staff Scientist,""
Faustine,Twyford,ftwyford1p@statcounter.com,Female,62,"",Registered Nurse,""
Shaina,Headech,sheadech1q@netlog.com,Female,63,"",Social Worker,""
Dan,Marquiss,dmarquiss1r@bigcartel.com,Male,64,"",Budget/Accounting Analyst III,""
Emmit,Livett,elivett1s@wikia.com,Male,65,"",Sales Representative,""
Felice,Cominello,fcominello1t@fc2.com,Male,66,"",Database Administrator III,""
Lock,Blinman,lblinman1u@typepad.com,Male,67,"",Civil Engineer,""
Alain,Atheis,aatheis1v@fastcompany.com,Male,68,"",Structural Engineer,""
Kiri,Borzoni,kborzoni1w@shareasale.com,Female,69,"",Mechanical Systems Engineer,""
Jessy,Veare,jveare1x@live.com,Female,70,"",Civil Engineer,""
Leonidas,Solomonides,lsolomonides1y@clickbank.net,Male,71,"",Programmer I,""
Bella,Scamadine,bscamadine1z@usgs.gov,Female,72,"",Administrative Assistant II,""
Cathyleen,Lackney,clackney20@nbcnews.com,Female,73,"",Developer III,""
Christian,Rummins,crummins21@ovh.net,Female,74,"",Environmental Specialist,""
Tann,Clericoates,tclericoates22@goo.ne.jp,Male,75,"",Account Coordinator,""
Jeno,Petican,jpetican23@posterous.com,Male,76,"",Geological Engineer,""
Ailis,Mackrill,amackrill24@epa.gov,Female,77,"",Account Executive,""
Moises,Kimblen,mkimblen25@bloomberg.com,Male,78,"",Developer III,""
Dawn,Samsonsen,dsamsonsen26@amazonaws.com,Female,79,"",Mechanical Systems Engineer,""
Hope,Walden,hwalden27@ameblo.jp,Female,80,"",Registered Nurse,""
Sallie,Mongeot,smongeot28@merriam-webster.com,Female,81,"",VP Quality Control,""
Gabbey,Woodroof,gwoodroof29@list-manage.com,Female,82,"",Clinical Specialist,""
Lemmie,Ruger,lruger2a@homestead.com,Male,83,"",VP Quality Control,""
Corey,Althorpe,calthorpe2b@abc.net.au,Male,84,"",Nuclear Power Engineer,""
Natalee,Adnett,nadnett2c@examiner.com,Female,85,"",Food Chemist,""
Baillie,Sighard,bsighard2d@amazon.co.uk,Male,86,"",Account Representative II,""
Laurene,Scyone,lscyone2e@si.edu,Female,87,"",Accountant II,""
Julian,Adie,jadie2f@nydailynews.com,Male,88,"",Civil Engineer,""
Rogerio,Skeleton,rskeleton2g@usatoday.com,Male,89,"",Pharmacist,""
Garrott,MacPeake,gmacpeake2h@fotki.com,Male,90,"",Structural Analysis Engineer,""
Kelwin,Sinnocke,ksinnocke2i@oracle.com,Male,91,"",Nurse,""
Franciska,Geggus,fgeggus2j@bigcartel.com,Female,92,"",Nuclear Power Engineer,""
Nels,Coomber,ncoomber2k@skype.com,Male,93,"",Office Assistant I,""
Reeta,Melvin,rmelvin2l@gravatar.com,Female,94,"",Professor,""
Judy,Golbourn,jgolbourn2m@mapquest.com,Female,95,"",General Manager,""
Charmain,Cockney,ccockney2n@printfriendly.com,Female,96,"",Computer Systems Analyst I,""
Taryn,Brownjohn,tbrownjohn2o@sogou.com,Female,97,"",Teacher,""
Trish,Hadigate,thadigate2p@forbes.com,Female,98,"",Physical Therapy Assistant,""
Mattie,Dumbleton,mdumbleton2q@fda.gov,Male,99,"",Programmer III,""
Tommy,Baltzar,tbaltzar2r@slideshare.net,Female,100,"",Sales Associate,""
Nonnah,Latek,nlatek2s@php.net,Female,101,"",Media Manager III,""
Cooper,Rayne,crayne2t@sun.com,Male,102,"",Administrative Assistant II,""
Waylan,Manifield,wmanifield2u@jalbum.net,Male,103,"",Administrative Officer,""
Ricki,Hinrichs,rhinrichs2v@scientificamerican.com,Female,104,"",Actuary,""
Tannie,Wyant,twyant2w@google.com.br,Male,105,"",Executive Secretary,""
Pincas,Winridge,pwinridge2x@virginia.edu,Male,106,"",Clinical Specialist,""
Keir,Hatrey,khatrey2y@naver.com,Male,107,"",Legal Assistant,""
Holmes,Odom,hodom2z@hibu.com,Male,108,"",Executive Secretary,""
Stesha,Gabb,sgabb30@altervista.org,Female,109,"",Structural Analysis Engineer,""
Bret,Lindop,blindop31@ted.com,Male,110,"",Statistician III,""
Malynda,Chant,mchant32@google.cn,Female,111,"",Financial Analyst,""
Marya,Pymer,mpymer33@mit.edu,Female,112,"",Statistician IV,""
Waylon,Bothram,wbothram34@mlb.com,Male,113,"",Software Engineer II,""
Dona,Inkster,dinkster35@geocities.jp,Female,114,"",Systems Administrator II,""
Gonzales,Probert,gprobert36@parallels.com,Male,115,"",Sales Representative,""
Guillemette,Leftley,gleftley37@symantec.com,Female,116,"",Chemical Engineer,""
Gage,Sellick,gsellick38@unesco.org,Male,117,"",Engineer IV,""
Euell,Lunk,elunk39@zimbio.com,Male,118,"",Desktop Support Technician,""
Fredrika,Divell,fdivell3a@sakura.ne.jp,Female,119,"",Assistant Professor,""
Shelden,Mohun,smohun3b@salon.com,Male,120,"",Payment Adjustment Coordinator,""
Patrice,Hanton,phanton3c@nhs.uk,Female,121,"",Paralegal,""
Lynnett,Fitzsymons,lfitzsymons3d@vimeo.com,Female,122,"",Sales Representative,""
Sibley,Showalter,sshowalter3e@jiathis.com,Female,123,"",Technical Writer,""
Mallory,Swithenby,mswithenby3f@discuz.net,Male,124,"",Senior Developer,""
Cullen,Cossell,ccossell3g@ustream.tv,Male,125,"",Internal Auditor,""
Arlyn,Stribbling,astribbling3h@merriam-webster.com,Female,126,"",Senior Editor,""
Giulio,Treves,gtreves3i@amazonaws.com,Male,127,"",Nurse,""
Mile,Barnewelle,mbarnewelle3j@infoseek.co.jp,Male,128,"",Physical Therapy Assistant,""
Xenos,Kale,xkale3k@cdc.gov,Male,129,"",Database Administrator IV,""
Booth,Karslake,bkarslake3l@histats.com,Male,130,"",Database Administrator II,""
Alyda,Hodgin,ahodgin3m@wiley.com,Female,131,"",Engineer IV,""
Donia,Hirjak,dhirjak3n@uiuc.edu,Female,132,"",Environmental Specialist,""
Glenn,Reddyhoff,greddyhoff3o@blogger.com,Male,133,"",Web Developer I,""
Benito,Findon,bfindon3p@storify.com,Male,134,"",Paralegal,""
Cairistiona,Horche,chorche3q@toplist.cz,Female,135,"",Analyst Programmer,""
Rhianna,Tedahl,rtedahl3r@google.ca,Female,136,"",Civil Engineer,""
April,Crees,acrees3s@alibaba.com,Female,137,"",Actuary,""
Diane,Manion,dmanion3t@nymag.com,Female,138,"",Research Nurse,""
Shirlene,Tennison,stennison3u@histats.com,Female,139,"",Recruiter,""
Pattie,Toffolini,ptoffolini3v@nyu.edu,Male,140,"",Senior Cost Accountant,""
Merv,West-Frimley,mwestfrimley3w@nymag.com,Male,141,"",Help Desk Technician,""
Loy,Rawles,lrawles3x@baidu.com,Male,142,"",Quality Control Specialist,""
Gisela,Doughton,gdoughton3y@imageshack.us,Female,143,"",Technical Writer,""
Pasquale,Van der Hoeven,pvanderhoeven3z@shareasale.com,Male,144,"",Operator,""
Derrik,Radke,dradke40@cbsnews.com,Male,145,"",VP Quality Control,""
Vanya,Neale,vneale41@nbcnews.com,Female,146,"",Human Resources Manager,""
Zilvia,Van Salzberger,zvansalzberger42@cnbc.com,Female,147,"",Desktop Support Technician,""
Ainslie,Hauxley,ahauxley43@si.edu,Female,148,"",Teacher,""
Claude,Firbanks,cfirbanks44@ameblo.jp,Female,149,"",Staff Accountant III,""
Jackson,Bowgen,jbowgen45@over-blog.com,Male,150,"",Speech Pathologist,""
Leif,D'Avaux,ldavaux46@indiegogo.com,Male,151,"",Professor,""
Petey,Enderson,penderson47@abc.net.au,Male,152,"",General Manager,""
Carline,Brenton,cbrenton48@tripadvisor.com,Female,153,"",Recruiter,""
Joellyn,Drysdall,jdrysdall49@multiply.com,Female,154,"",Sales Representative,""
Baillie,Gribben,bgribben4a@ihg.com,Male,155,"",Assistant Manager,""
Leanor,Forth,lforth4b@xinhuanet.com,Female,156,"",Programmer Analyst IV,""
Sollie,Dovington,sdovington4c@4shared.com,Male,157,"",Analyst Programmer,""
Dina,Dominguez,ddominguez4d@nytimes.com,Female,158,"",Financial Advisor,""
Russ,Hutcheon,rhutcheon4e@chronoengine.com,Male,159,"",Developer I,""
Dicky,Stoffersen,dstoffersen4f@deviantart.com,Male,160,"",Quality Control Specialist,""
Aubree,Lingner,alingner4g@nsw.gov.au,Female,161,"",Registered Nurse,""
Ellie,Pendrich,ependrich4h@cyberchimps.com,Female,162,"",Cost Accountant,""
Kelbee,Moralis,kmoralis4i@is.gd,Male,163,"",Human Resources Assistant IV,""
Beilul,Clynman,bclynman4j@ezinearticles.com,Female,164,"",Biostatistician I,""
Ariela,Kaysor,akaysor4k@hubpages.com,Female,165,"",Product Engineer,""
Zelig,Luquet,zluquet4l@devhub.com,Male,166,"",Graphic Designer,""
Zachariah,Livsey,zlivsey4m@earthlink.net,Male,167,"",Teacher,""
Barry,Chalcroft,bchalcroft4n@google.de,Female,168,"",Statistician III,""
Nathan,Lowery,nlowery4o@umn.edu,Male,169,"",Geologist II,""
Moore,Burkill,mburkill4p@npr.org,Male,170,"",Account Coordinator,""
Wade,Benner,wbenner4q@rakuten.co.jp,Male,171,"",Information Systems Manager,""
Sena,Jedrzejkiewicz,sjedrzejkiewicz4r@devhub.com,Female,172,"",Programmer Analyst I,""
Dimitri,Retchless,dretchless4s@huffingtonpost.com,Male,173,"",Executive Secretary,""
Isidro,Lovatt,ilovatt4t@delicious.com,Male,174,"",Recruiting Manager,""
Mattias,Littefair,mlittefair4u@pinterest.com,Male,175,"",Occupational Therapist,""
Guenna,Baert,gbaert4v@github.com,Female,176,"",Help Desk Operator,""
Alejoa,Salsberg,asalsberg4w@google.pl,Male,177,"",Associate Professor,""
Sally,Sayers,ssayers4x@sina.com.cn,Female,178,"",Mechanical Systems Engineer,""
Shae,Wittke,swittke4y@ezinearticles.com,Female,179,"",Health Coach I,""
Salomone,Morgan,smorgan4z@army.mil,Male,180,"",VP Marketing,""
Allin,Setter,asetter50@cocolog-nifty.com,Male,181,"",Chemical Engineer,""
Amalee,Bartleet,abartleet51@seattletimes.com,Female,182,"",Research Assistant II,""
Shandra,Rudkin,srudkin52@nymag.com,Female,183,"",Quality Engineer,""
Andras,Eacle,aeacle53@mysql.com,Male,184,"",Junior Executive,""
Kassey,Stonard,kstonard54@stanford.edu,Female,185,"",Social Worker,""
Creighton,Gillespey,cgillespey55@ucoz.ru,Male,186,"",Professor,""
Yardley,Yeskin,yyeskin56@woothemes.com,Male,187,"",Web Developer III,""
Alon,Rizzo,arizzo57@mediafire.com,Male,188,"",Product Engineer,""
Gabbi,Jolliff,gjolliff58@ustream.tv,Female,189,"",Clinical Specialist,""
Roseann,Hearnes,rhearnes59@ed.gov,Female,190,"",Legal Assistant,""
Rosaline,Pumphreys,rpumphreys5a@opensource.org,Female,191,"",Design Engineer,""
Dene,Headly,dheadly5b@behance.net,Male,192,"",Accountant I,""
Micheil,Pallas,mpallas5c@histats.com,Male,193,"",Graphic Designer,""
Haroun,Mouth,hmouth5d@amazon.de,Male,194,"",Research Nurse,""
Sumner,Dimnage,sdimnage5e@simplemachines.org,Male,195,"",Health Coach III,""
Claire,Ogilvie,cogilvie5f@themeforest.net,Male,196,"",Biostatistician II,""
Toby,Wasbey,twasbey5g@de.vu,Male,197,"",Financial Analyst,""
Dinnie,Hambleton,dhambleton5h@php.net,Female,198,"",Help Desk Technician,""
Celestine,Bleiman,cbleiman5i@issuu.com,Female,199,"",Marketing Assistant,""
Luci,Bagnal,lbagnal5j@vinaora.com,Female,200,"",Account Representative IV,""
Maynard,Garn,mgarn5k@sbwire.com,Male,201,"",Senior Quality Engineer,""
Kris,Dimitriades,kdimitriades5l@weather.com,Female,202,"",VP Sales,""
Nert,Souch,nsouch5m@xing.com,Female,203,"",Structural Engineer,""
Cesar,Yitzhakof,cyitzhakof5n@mtv.com,Male,204,"",Business Systems Development Analyst,""
Linc,Olliar,lolliar5o@hp.com,Male,205,"",Account Coordinator,""
Staford,Beach,sbeach5p@buzzfeed.com,Male,206,"",Accountant IV,""
Abby,Gindghill,agindghill5q@shareasale.com,Male,207,"",Data Coordiator,""
Garrick,Ricioppo,gricioppo5r@usnews.com,Male,208,"",Safety Technician III,""
Ev,Mollnar,emollnar5s@sakura.ne.jp,Male,209,"",Desktop Support Technician,""
Stillman,Skuse,sskuse5t@blogspot.com,Male,210,"",Senior Financial Analyst,""
Leisha,Meller,lmeller5u@chronoengine.com,Female,211,"",Research Associate,""
Cacilie,Sears,csears5v@umn.edu,Female,212,"",Cost Accountant,""
Ann-marie,Irdale,airdale5w@patch.com,Female,213,"",Sales Representative,""
Etta,Flounders,eflounders5x@princeton.edu,Female,214,"",Senior Sales Associate,""
Janek,Pedracci,jpedracci5y@accuweather.com,Male,215,"",Cost Accountant,""
Odessa,Paynter,opaynter5z@merriam-webster.com,Female,216,"",Statistician IV,""
Christalle,Hails,chails60@xinhuanet.com,Female,217,"",Database Administrator III,""
Josias,Turgoose,jturgoose61@desdev.cn,Male,218,"",Engineer II,""
Waylon,Penney,wpenney62@posterous.com,Male,219,"",VP Sales,""
Adrea,Katte,akatte63@craigslist.org,Female,220,"",Director of Sales,""
Jereme,Mungham,jmungham64@ifeng.com,Male,221,"",Director of Sales,""
Minette,Clines,mclines65@google.de,Female,222,"",Software Test Engineer I,""
Jaquenetta,Brekonridge,jbrekonridge66@youku.com,Female,223,"",Web Developer II,""
Rudyard,Pimlett,rpimlett67@yolasite.com,Male,224,"",Financial Analyst,""
Delbert,Sarjeant,dsarjeant68@techcrunch.com,Male,225,"",Media Manager I,""
Raimundo,Gaywood,rgaywood69@gnu.org,Male,226,"",Environmental Specialist,""
Elicia,Ferencowicz,eferencowicz6a@globo.com,Female,227,"",Legal Assistant,""
Aldric,Jopp,ajopp6b@icq.com,Male,228,"",Account Executive,""
Cyndi,MacDaid,cmacdaid6c@imageshack.us,Female,229,"",Systems Administrator I,""
Hurleigh,Casswell,hcasswell6d@theatlantic.com,Male,230,"",Junior Executive,""
Connie,Berrill,cberrill6e@over-blog.com,Male,231,"",Research Associate,""
Ardra,Yanez,ayanez6f@pbs.org,Female,232,"",Paralegal,""
Bobbe,Steers,bsteers6g@acquirethisname.com,Female,233,"",Developer IV,""
Orella,Rivaland,orivaland6h@buzzfeed.com,Female,234,"",Research Associate,""
Christan,Shakesbye,cshakesbye6i@liveinternet.ru,Female,235,"",Food Chemist,""
Coreen,Alder,calder6j@sakura.ne.jp,Female,236,"",Recruiter,""
Fania,Peddar,fpeddar6k@washingtonpost.com,Female,237,"",Administrative Assistant II,""
Danika,Kaas,dkaas6l@soup.io,Female,238,"",Health Coach II,""
Bette,Tinham,btinham6m@nhs.uk,Female,239,"",Budget/Accounting Analyst II,""
Muire,Kitchiner,mkitchiner6n@mapy.cz,Female,240,"",Accountant III,""
Zackariah,Letty,zletty6o@free.fr,Male,241,"",Speech Pathologist,""
Claire,Trimmill,ctrimmill6p@umn.edu,Male,242,"",Analyst Programmer,""
Merla,Gregorowicz,mgregorowicz6q@ifeng.com,Female,243,"",Health Coach I,""
Kirbee,Spoors,kspoors6r@gov.uk,Female,244,"",Nuclear Power Engineer,""
Klemens,Vannikov,kvannikov6s@stanford.edu,Male,245,"",Geologist I,""
Mallory,Hymus,mhymus6t@google.com.hk,Male,246,"",Structural Engineer,""
Desmund,Bakewell,dbakewell6u@indiegogo.com,Male,247,"",Help Desk Technician,""
Loria,Whetnell,lwhetnell6v@theglobeandmail.com,Female,248,"",General Manager,""
Ezequiel,Rawling,erawling6w@desdev.cn,Male,249,"",Account Coordinator,""
Donovan,Baldetti,dbaldetti6x@posterous.com,Male,250,"",Speech Pathologist,""
Clay,Summons,csummons6y@prlog.org,Male,251,"",Structural Engineer,""
Kendricks,Messingham,kmessingham6z@gizmodo.com,Male,252,"",Web Developer IV,""
Timmy,Dyer,tdyer70@hhs.gov,Male,253,"",Environmental Specialist,""
Arthur,Trainer,atrainer71@wikia.com,Male,254,"",Data Coordiator,""
Dilan,Nisius,dnisius72@example.com,Male,255,"",Associate Professor,""
Nicko,Waddams,nwaddams73@youku.com,Male,256,"",Financial Analyst,""
Barrett,Brew,bbrew74@rediff.com,Male,257,"",Pharmacist,""
Chauncey,McCalister,cmccalister75@spiegel.de,Male,258,"",Dental Hygienist,""
Ramsay,Guislin,rguislin76@booking.com,Male,259,"",Professor,""
Jolynn,Wolseley,jwolseley77@paginegialle.it,Female,260,"",Structural Engineer,""
Saunderson,Stonelake,sstonelake78@vkontakte.ru,Male,261,"",Assistant Manager,""
Dagmar,Dziwisz,ddziwisz79@mayoclinic.com,Female,262,"",Financial Analyst,""
Jake,Sallows,jsallows7a@tripadvisor.com,Male,263,"",Marketing Assistant,""
Colman,Tasseler,ctasseler7b@nsw.gov.au,Male,264,"",Computer Systems Analyst I,""
Kaye,Dudden,kdudden7c@51.la,Female,265,"",Sales Associate,""
Giffard,Kean,gkean7d@wired.com,Male,266,"",Compensation Analyst,""
Max,Darmody,mdarmody7e@list-manage.com,Male,267,"",Assistant Manager,""
Malva,Screeton,mscreeton7f@smugmug.com,Female,268,"",Design Engineer,""
Guenevere,Kundert,gkundert7g@state.gov,Female,269,"",VP Accounting,""
Nisse,Kick,nkick7h@dion.ne.jp,Female,270,"",Senior Cost Accountant,""
Roxie,Finan,rfinan7i@blogger.com,Female,271,"",Research Assistant II,""
Mattie,Miller,mmiller7j@sitemeter.com,Male,272,"",Marketing Assistant,""
Catarina,Padillo,cpadillo7k@boston.com,Female,273,"",VP Marketing,""
Natalee,Peers,npeers7l@shutterfly.com,Female,274,"",Business Systems Development Analyst,""
Susette,Harriot,sharriot7m@who.int,Female,275,"",Cost Accountant,""
Roseline,Dicke,rdicke7n@digg.com,Female,276,"",Account Coordinator,""
Barbie,Domney,bdomney7o@e-recht24.de,Female,277,"",Food Chemist,""
Aili,Kopp,akopp7p@pen.io,Female,278,"",Nurse Practicioner,""
Nerty,Dolle,ndolle7q@nasa.gov,Female,279,"",Geological Engineer,""
Nigel,Streather,nstreather7r@photobucket.com,Male,280,"",Editor,""
Elbert,Mangion,emangion7s@google.com.br,Male,281,"",Actuary,""
Eugenia,Norledge,enorledge7t@wikipedia.org,Female,282,"",Geologist III,""
Petrina,Topaz,ptopaz7u@mashable.com,Female,283,"",Executive Secretary,""
Oralee,Puttnam,oputtnam7v@cnbc.com,Female,284,"",VP Quality Control,""
Waylan,Brownhill,wbrownhill7w@nbcnews.com,Male,285,"",Operator,""
Ange,Ingman,aingman7x@princeton.edu,Male,286,"",Cost Accountant,""
Stafford,Pask,spask7y@baidu.com,Male,287,"",Software Engineer I,""
Marissa,Skein,mskein7z@deliciousdays.com,Female,288,"",Product Engineer,""
Riane,Snowding,rsnowding80@google.com.br,Female,289,"",Web Developer IV,""
Der,Melonby,dmelonby81@slashdot.org,Male,290,"",Social Worker,""
Jeanne,Gorges,jgorges82@soundcloud.com,Female,291,"",Graphic Designer,""
Etheline,Beange,ebeange83@who.int,Female,292,"",Junior Executive,""
Serena,Lacaze,slacaze84@oracle.com,Female,293,"",Account Executive,""
Israel,O'Suaird,iosuaird85@latimes.com,Male,294,"",VP Quality Control,""
Karil,Moncaster,kmoncaster86@geocities.com,Female,295,"",Compensation Analyst,""
Thibaut,Sirette,tsirette87@senate.gov,Male,296,"",Research Assistant III,""
Cris,Whimp,cwhimp88@washington.edu,Male,297,"",Staff Accountant III,""
Salim,Denholm,sdenholm89@google.co.jp,Male,298,"",Media Manager I,""
Kalli,Bauduin,kbauduin8a@home.pl,Female,299,"",Information Systems Manager,""
Ado,Scarrisbrick,ascarrisbrick8b@cam.ac.uk,Male,300,"",GIS Technical Architect,""
Celeste,Verden,cverden8c@indiegogo.com,Female,301,"",Account Representative III,""
Arleyne,Sondland,asondland8d@rambler.ru,Female,302,"",Recruiter,""
Silvanus,Achrameev,sachrameev8e@woothemes.com,Male,303,"",Pharmacist,""
Kristos,Guite,kguite8f@cam.ac.uk,Male,304,"",Assistant Professor,""
Beatrice,Bragg,bbragg8g@senate.gov,Female,305,"",Community Outreach Specialist,""
Elsie,Robens,erobens8h@yahoo.co.jp,Female,306,"",Nurse Practicioner,""
Vaughn,Janman,vjanman8i@latimes.com,Male,307,"",Help Desk Technician,""
Baxy,Daenen,bdaenen8j@newsvine.com,Male,308,"",Senior Sales Associate,""
Gabe,Crut,gcrut8k@ifeng.com,Male,309,"",Accounting Assistant I,""
Livia,Mabee,lmabee8l@squarespace.com,Female,310,"",Help Desk Technician,""
Amalita,Dowdall,adowdall8m@yellowpages.com,Female,311,"",Compensation Analyst,""
Tailor,Coverlyn,tcoverlyn8n@quantcast.com,Male,312,"",Chemical Engineer,""
Jeffry,Tolomei,jtolomei8o@google.co.uk,Male,313,"",Software Engineer I,""
Leora,Borwick,lborwick8p@sakura.ne.jp,Female,314,"",VP Sales,""
Fraze,Coole,fcoole8q@t-online.de,Male,315,"",Electrical Engineer,""
Cesya,Matis,cmatis8r@cpanel.net,Female,316,"",Financial Analyst,""
Jamal,Conneely,jconneely8s@ameblo.jp,Male,317,"",General Manager,""
Patrizia,Moggan,pmoggan8t@example.com,Female,318,"",Junior Executive,""
Derby,Buckley,dbuckley8u@acquirethisname.com,Male,319,"",Assistant Manager,""
Nels,McCarrell,nmccarrell8v@guardian.co.uk,Male,320,"",Sales Associate,""
Prent,Giggs,pgiggs8w@businessweek.com,Male,321,"",Mechanical Systems Engineer,""
Fayre,Usher,fusher8x@mediafire.com,Female,322,"",Programmer IV,""
Armando,Lawman,alawman8y@engadget.com,Male,323,"",Structural Analysis Engineer,""
Sydney,Elleton,selleton8z@amazon.co.jp,Male,324,"",Administrative Officer,""
Ralina,Hundell,rhundell90@statcounter.com,Female,325,"",General Manager,""
Dex,Treweek,dtreweek91@scribd.com,Male,326,"",Director of Sales,""
Dorene,Brosh,dbrosh92@photobucket.com,Female,327,"",Legal Assistant,""
Alfredo,Firminger,afirminger93@msn.com,Male,328,"",Office Assistant I,""
Mandi,O'Gleasane,mogleasane94@ucla.edu,Female,329,"",Assistant Media Planner,""
Baldwin,Halsho,bhalsho95@hao123.com,Male,330,"",Professor,""
Silvester,Asken,sasken96@clickbank.net,Male,331,"",Food Chemist,""
Lanny,Plaide,lplaide97@patch.com,Female,332,"",Analyst Programmer,""
Gustavus,Eastmond,geastmond98@netscape.com,Male,333,"",Web Designer II,""
Miles,Mattingson,mmattingson99@salon.com,Male,334,"",Financial Analyst,""
Berny,Bunce,bbunce9a@nationalgeographic.com,Male,335,"",Analog Circuit Design manager,""
Sue,Reicharz,sreicharz9b@sphinn.com,Female,336,"",Media Manager I,""
Micky,Finlry,mfinlry9c@senate.gov,Female,337,"",Tax Accountant,""
Gregorius,Lawdham,glawdham9d@sitemeter.com,Male,338,"",Clinical Specialist,""
Roselia,Geater,rgeater9e@mediafire.com,Female,339,"",Staff Accountant I,""
Stanislaw,Eland,seland9f@geocities.com,Male,340,"",Software Consultant,""
Calhoun,Schindler,cschindler9g@issuu.com,Male,341,"",Automation Specialist III,""
Philly,Grigoliis,pgrigoliis9h@wikia.com,Female,342,"",Accounting Assistant IV,""
Anitra,Witling,awitling9i@angelfire.com,Female,343,"",Research Associate,""
Stella,Doogood,sdoogood9j@github.io,Female,344,"",Marketing Manager,""
Beatrix,Gostridge,bgostridge9k@ucoz.ru,Female,345,"",Occupational Therapist,""
Clevey,Hulstrom,chulstrom9l@surveymonkey.com,Male,346,"",Project Manager,""
Luke,Dalwood,ldalwood9m@gov.uk,Male,347,"",Engineer IV,""
Kean,Saywood,ksaywood9n@devhub.com,Male,348,"",Research Associate,""
Powell,Mallison,pmallison9o@wired.com,Male,349,"",Paralegal,""
Marietta,Stubbin,mstubbin9p@issuu.com,Male,350,"",Accountant III,""
Kean,Kline,kkline9q@wordpress.org,Male,351,"",Health Coach II,""
Tyrone,Lavrick,tlavrick9r@bizjournals.com,Male,352,"",Chief Design Engineer,""
Thurston,Snoxall,tsnoxall9s@wikipedia.org,Male,353,"",Recruiting Manager,""
Sanson,Dunthorn,sdunthorn9t@tiny.cc,Male,354,"",Technical Writer,""
Ethelbert,Karpman,ekarpman9u@mediafire.com,Male,355,"",Desktop Support Technician,""
Frieda,Hek,fhek9v@mozilla.com,Female,356,"",Desktop Support Technician,""
Giacomo,Spanswick,gspanswick9w@ycombinator.com,Male,357,"",Senior Developer,""
Iago,Merchant,imerchant9x@lycos.com,Male,358,"",Office Assistant II,""
Athene,Grinaugh,agrinaugh9y@exblog.jp,Female,359,"",VP Product Management,""
Averil,Cocking,acocking9z@dropbox.com,Female,360,"",Nuclear Power Engineer,""
Saraann,Sprigings,ssprigingsa0@usnews.com,Female,361,"",Mechanical Systems Engineer,""
Samantha,Dow,sdowa1@zimbio.com,Female,362,"",Mechanical Systems Engineer,""
Brandice,Sahlstrom,bsahlstroma2@mayoclinic.com,Female,363,"",Health Coach II,""
Erskine,Vickerstaff,evickerstaffa3@angelfire.com,Male,364,"",Senior Sales Associate,""
Skye,Westmarland,swestmarlanda4@disqus.com,Male,365,"",Data Coordiator,""
Vally,Dy,vdya5@cbsnews.com,Female,366,"",Account Executive,""
Tani,Dinsell,tdinsella6@amazon.co.jp,Female,367,"",Information Systems Manager,""
Jasmine,Abrehart,jabreharta7@jiathis.com,Female,368,"",Software Test Engineer IV,""
Cass,Brim,cbrima8@epa.gov,Female,369,"",Information Systems Manager,""
Dacy,Klemz,dklemza9@infoseek.co.jp,Female,370,"",Administrative Assistant I,""
Bobette,Bollard,bbollardaa@ameblo.jp,Female,371,"",Junior Executive,""
Tiebout,Berthelmot,tberthelmotab@webnode.com,Male,372,"",Financial Advisor,""
Starlene,Varren,svarrenac@walmart.com,Female,373,"",Sales Associate,""
Corby,Hearley,chearleyad@slashdot.org,Male,374,"",Recruiter,""
Belinda,Richichi,brichichiae@statcounter.com,Female,375,"",Registered Nurse,""
Anetta,Whitbread,awhitbreadaf@taobao.com,Female,376,"",Analog Circuit Design manager,""
Oliy,Drayton,odraytonag@miitbeian.gov.cn,Female,377,"",Design Engineer,""
Madelon,Scarborough,mscarboroughah@51.la,Female,378,"",Information Systems Manager,""
Reynard,Litton,rlittonai@latimes.com,Male,379,"",Assistant Professor,""
Alfredo,Devonald,adevonaldaj@amazon.co.uk,Male,380,"",Analyst Programmer,""
Yorgo,Samsin,ysamsinak@census.gov,Male,381,"",Librarian,""
Stacy,Southcoat,ssouthcoatal@addthis.com,Female,382,"",Professor,""
Barbey,McQuaide,bmcquaideam@yandex.ru,Female,383,"",Information Systems Manager,""
Conan,Whitney,cwhitneyan@dion.ne.jp,Male,384,"",Data Coordiator,""
Jehanna,Mattin,jmattinao@uol.com.br,Female,385,"",Nurse,""
Joyan,Kimbley,jkimbleyap@jigsy.com,Female,386,"",Chemical Engineer,""
Efren,McCloughlin,emccloughlinaq@plala.or.jp,Male,387,"",Compensation Analyst,""
Stanleigh,Kilmister,skilmisterar@google.com,Male,388,"",Senior Quality Engineer,""
Lorettalorna,Lonnon,llonnonas@fc2.com,Female,389,"",Account Coordinator,""
Morey,Wistance,mwistanceat@mozilla.com,Male,390,"",Paralegal,""
Livy,Jakoviljevic,ljakoviljevicau@github.com,Female,391,"",Account Representative I,""
Amandy,Offell,aoffellav@dailymotion.com,Female,392,"",Technical Writer,""
Korey,Moth,kmothaw@fda.gov,Male,393,"",Help Desk Technician,""
Gilligan,Gissing,ggissingax@upenn.edu,Female,394,"",Health Coach II,""
Andromache,Seint,aseintay@cafepress.com,Female,395,"",Director of Sales,""
Garv,McEntagart,gmcentagartaz@netscape.com,Male,396,"",Librarian,""
Addison,Parken,aparkenb0@photobucket.com,Male,397,"",Engineer IV,""
Coralie,Bento,cbentob1@weebly.com,Female,398,"",Actuary,""
Julee,Dunnet,jdunnetb2@blogtalkradio.com,Female,399,"",Assistant Manager,""
Jillane,Seignior,jseigniorb3@nyu.edu,Female,400,"",Project Manager,""
Lucio,O'Grady,logradyb4@last.fm,Male,401,"",Developer I,""
Pembroke,MacTrusty,pmactrustyb5@hubpages.com,Male,402,"",Research Nurse,""
Mackenzie,Corran,mcorranb6@jiathis.com,Male,403,"",Account Coordinator,""
Merrill,Delafont,mdelafontb7@uol.com.br,Male,404,"",Librarian,""
Katrinka,Harriott,kharriottb8@altervista.org,Female,405,"",Design Engineer,""
Desiri,Strain,dstrainb9@themeforest.net,Female,406,"",Office Assistant II,""
Antonina,Standbrooke,astandbrookeba@examiner.com,Female,407,"",Financial Advisor,""
Christina,Possek,cpossekbb@issuu.com,Female,408,"",Operator,""
Nichole,Shackle,nshacklebc@pbs.org,Female,409,"",Marketing Assistant,""
Dolley,Matschek,dmatschekbd@free.fr,Female,410,"",Physical Therapy Assistant,""
Hedy,Di Carlo,hdicarlobe@umn.edu,Female,411,"",Statistician I,""
Pandora,Outridge,poutridgebf@360.cn,Female,412,"",Software Test Engineer III,""
Flss,Jillis,fjillisbg@wired.com,Female,413,"",Editor,""
Nealson,Kiltie,nkiltiebh@baidu.com,Male,414,"",Sales Associate,""
Cullen,O'Loughane,coloughanebi@howstuffworks.com,Male,415,"",Financial Advisor,""
Letisha,Sire,lsirebj@google.nl,Female,416,"",Programmer Analyst II,""
Wilek,Lockhurst,wlockhurstbk@tamu.edu,Male,417,"",Chief Design Engineer,""
Cirillo,Gibbins,cgibbinsbl@buzzfeed.com,Male,418,"",Pharmacist,""
Tadeo,Heggs,theggsbm@time.com,Male,419,"",Junior Executive,""
Martha,Eastway,meastwaybn@cornell.edu,Female,420,"",Help Desk Technician,""
Reine,Lardez,rlardezbo@chicagotribune.com,Female,421,"",Biostatistician I,""
Quinn,Hoyland,qhoylandbp@weather.com,Male,422,"",Nurse Practicioner,""
Judye,Broxap,jbroxapbq@salon.com,Female,423,"",Research Assistant III,""
Damien,Piggrem,dpiggrembr@prnewswire.com,Male,424,"",Assistant Manager,""
Ali,Wookey,awookeybs@soup.io,Male,425,"",Geologist I,""
Juline,Pirelli,jpirellibt@nifty.com,Female,426,"",Account Executive,""
Brina,McCathy,bmccathybu@mozilla.com,Female,427,"",Associate Professor,""
Maximo,Humes,mhumesbv@gnu.org,Male,428,"",Cost Accountant,""
Weston,Harse,wharsebw@virginia.edu,Male,429,"",Professor,""
Arda,Springell,aspringellbx@deviantart.com,Female,430,"",Dental Hygienist,""
Salim,Eul,seulby@trellian.com,Male,431,"",Librarian,""
Rosella,Brandham,rbrandhambz@alibaba.com,Female,432,"",Geologist II,""
Charmane,Gibbonson,cgibbonsonc0@mapquest.com,Female,433,"",Quality Control Specialist,""
Lester,Minot,lminotc1@usa.gov,Male,434,"",Structural Analysis Engineer,""
Durante,Trewin,dtrewinc2@infoseek.co.jp,Male,435,"",Computer Systems Analyst III,""
Bary,Scherme,bschermec3@cdc.gov,Male,436,"",Electrical Engineer,""
Sybil,Measor,smeasorc4@cmu.edu,Female,437,"",Occupational Therapist,""
Suki,Boerderman,sboerdermanc5@hugedomains.com,Female,438,"",Electrical Engineer,""
Theresita,Duffill,tduffillc6@twitpic.com,Female,439,"",Research Assistant II,""
Tedman,Hadland,thadlandc7@howstuffworks.com,Male,440,"",Community Outreach Specialist,""
Delmar,Roach,droachc8@bloglovin.com,Male,441,"",Registered Nurse,""
Dennison,Whiteley,dwhiteleyc9@bbb.org,Male,442,"",Actuary,""
Shellysheldon,Lowden,slowdenca@usgs.gov,Male,443,"",Executive Secretary,""
Crin,Lorent,clorentcb@auda.org.au,Female,444,"",Marketing Assistant,""
Luciano,Cromie,lcromiecc@foxnews.com,Male,445,"",Research Nurse,""
Verge,Suggett,vsuggettcd@creativecommons.org,Male,446,"",Human Resources Assistant II,""
Katherine,Francioli,kfranciolice@census.gov,Female,447,"",Assistant Media Planner,""
Zaria,MacCourt,zmaccourtcf@php.net,Female,448,"",Structural Engineer,""
Dalis,Lalevee,dlaleveecg@over-blog.com,Male,449,"",Civil Engineer,""
Koenraad,Gyngyll,kgyngyllch@unicef.org,Male,450,"",VP Product Management,""
Gawen,Smallpeace,gsmallpeaceci@ezinearticles.com,Male,451,"",Editor,""
Olenolin,Sambell,osambellcj@parallels.com,Male,452,"",Engineer IV,""
Jeffrey,Clemenceau,jclemenceauck@smugmug.com,Male,453,"",Cost Accountant,""
Pierson,Hadwin,phadwincl@moonfruit.com,Male,454,"",Financial Advisor,""
Hadria,Ing,hingcm@tripod.com,Female,455,"",Clinical Specialist,""
Lynnelle,Snowden,lsnowdencn@tamu.edu,Female,456,"",Compensation Analyst,""
Base,Titcombe,btitcombeco@mediafire.com,Male,457,"",Nurse Practicioner,""
Gustavus,Claypole,gclaypolecp@blogspot.com,Male,458,"",Cost Accountant,""
Idelle,Siggin,isiggincq@multiply.com,Female,459,"",Food Chemist,""
Ailee,Comettoi,acomettoicr@de.vu,Female,460,"",Statistician II,""
Troy,Ledeker,tledekercs@furl.net,Male,461,"",Pharmacist,""
Debi,Danielot,ddanielotct@nytimes.com,Female,462,"",Tax Accountant,""
Gaston,Penchen,gpenchencu@qq.com,Male,463,"",General Manager,""
Mitchell,Gumb,mgumbcv@altervista.org,Male,464,"",Systems Administrator III,""
Bronson,Vegas,bvegascw@oakley.com,Male,465,"",Food Chemist,""
Tanney,Banyard,tbanyardcx@oakley.com,Male,466,"",Product Engineer,""
Arleta,Denge,adengecy@mit.edu,Female,467,"",Food Chemist,""
Nerta,Slides,nslidescz@angelfire.com,Female,468,"",Help Desk Technician,""
Tremaine,Riditch,triditchd0@reuters.com,Male,469,"",Social Worker,""
Arnoldo,Sare,asared1@sciencedirect.com,Male,470,"",Structural Engineer,""
Darcy,Clarricoates,dclarricoatesd2@surveymonkey.com,Male,471,"",Food Chemist,""
Dew,Lavrinov,dlavrinovd3@virginia.edu,Male,472,"",Biostatistician IV,""
Clay,Gerrels,cgerrelsd4@sakura.ne.jp,Male,473,"",Account Executive,""
Evy,Briant,ebriantd5@eepurl.com,Female,474,"",Nurse,""
Magnum,Topliss,mtoplissd6@google.cn,Male,475,"",Programmer II,""
Renae,Hucks,rhucksd7@aol.com,Female,476,"",Desktop Support Technician,""
Park,Trevorrow,ptrevorrowd8@elpais.com,Male,477,"",VP Accounting,""
Tamma,Murrison,tmurrisond9@multiply.com,Female,478,"",Food Chemist,""
Winifred,Brammall,wbrammallda@ezinearticles.com,Female,479,"",Paralegal,""
Janeen,Velareal,jvelarealdb@gnu.org,Female,480,"",Systems Administrator III,""
Coraline,Moralee,cmoraleedc@state.tx.us,Female,481,"",Staff Accountant II,""
Robin,Gamon,rgamondd@paypal.com,Male,482,"",Business Systems Development Analyst,""
Tammy,Joffe,tjoffede@boston.com,Male,483,"",Biostatistician II,""
Chad,Morde,cmordedf@cnn.com,Male,484,"",Analog Circuit Design manager,""
Estel,Longhorne,elonghornedg@exblog.jp,Female,485,"",Nuclear Power Engineer,""
Eloisa,Sigg,esiggdh@google.pl,Female,486,"",Research Nurse,""
Elfrieda,Hatterslay,ehatterslaydi@rediff.com,Female,487,"",Human Resources Manager,""
Jo,Le Grove,jlegrovedj@army.mil,Female,488,"",GIS Technical Architect,""
Harry,Long,hlongdk@mediafire.com,Male,489,"",Electrical Engineer,""
Lemmy,Waterworth,lwaterworthdl@columbia.edu,Male,490,"",Research Nurse,""
Shayne,Giorgione,sgiorgionedm@shinystat.com,Female,491,"",Analyst Programmer,""
Ervin,Tommasetti,etommasettidn@barnesandnoble.com,Male,492,"",Human Resources Manager,""
Rosina,Burnsyde,rburnsydedo@reference.com,Female,493,"",Human Resources Manager,""
Yardley,Hackworthy,yhackworthydp@census.gov,Male,494,"",Staff Accountant I,""
Joya,Staveley,jstaveleydq@spiegel.de,Female,495,"",Research Assistant I,""
Rolfe,Insley,rinsleydr@about.com,Male,496,"",Senior Cost Accountant,""
Yuma,Jesteco,yjestecods@imdb.com,Male,497,"",Marketing Manager,""
Libby,Iacofo,liacofodt@domainmarket.com,Female,498,"",Internal Auditor,""
Octavius,Haygreen,ohaygreendu@nih.gov,Male,499,"",Librarian,""
Rik,Terris,rterrisdv@geocities.com,Male,500,"",Accountant IV,""
Konstanze,Squier,ksquierdw@eepurl.com,Female,501,"",Editor,""
Dolly,McCart,dmccartdx@last.fm,Female,502,"",Software Consultant,""
Conrado,Dutnell,cdutnelldy@123-reg.co.uk,Male,503,"",Executive Secretary,""
Tobias,Rudsdale,trudsdaledz@github.io,Male,504,"",Social Worker,""
Verne,Frarey,vfrareye0@rambler.ru,Male,505,"",Help Desk Operator,""
Pedro,Snarr,psnarre1@symantec.com,Male,506,"",Automation Specialist I,""
Maynard,Simants,msimantse2@apache.org,Male,507,"",Staff Scientist,""
Melly,Anscott,manscotte3@oakley.com,Female,508,"",Executive Secretary,""
Agatha,Szubert,aszuberte4@omniture.com,Female,509,"",Programmer III,""
Nickolaus,Thatcham,nthatchame5@t.co,Male,510,"",Registered Nurse,""
Constantin,Mirralls,cmirrallse6@redcross.org,Male,511,"",Compensation Analyst,""
Malia,MacNish,mmacnishe7@paypal.com,Female,512,"",Legal Assistant,""
Hewitt,Annell,hannelle8@oaic.gov.au,Male,513,"",Librarian,""
Toinette,Haining,thaininge9@sina.com.cn,Female,514,"",Office Assistant III,""
Laryssa,Jackman,ljackmanea@feedburner.com,Female,515,"",Software Test Engineer III,""
Angus,Keemar,akeemareb@amazon.com,Male,516,"",Database Administrator II,""
Abbey,Bothwell,abothwellec@flavors.me,Female,517,"",Recruiting Manager,""
Theresita,Gandy,tgandyed@mit.edu,Female,518,"",Human Resources Manager,""
Josey,Keave,jkeaveee@hostgator.com,Female,519,"",Quality Control Specialist,""
Gaston,Allaway,gallawayef@t-online.de,Male,520,"",Software Test Engineer IV,""
Parry,Robelin,probelineg@smh.com.au,Male,521,"",Research Nurse,""
Carolynn,Coytes,ccoyteseh@microsoft.com,Female,522,"",Operator,""
Lynnelle,Letts,llettsei@europa.eu,Female,523,"",Executive Secretary,""
Belita,Morando,bmorandoej@gizmodo.com,Female,524,"",Operator,""
Frazer,Bramble,fbrambleek@prnewswire.com,Male,525,"",Design Engineer,""
Jacquie,Dun,jdunel@photobucket.com,Female,526,"",Tax Accountant,""
Matthew,Andrusyak,mandrusyakem@loc.gov,Male,527,"",Quality Engineer,""
Moritz,Segar,msegaren@nba.com,Male,528,"",VP Accounting,""
Edsel,Casajuana,ecasajuanaeo@guardian.co.uk,Male,529,"",Director of Sales,""
Horten,Dockray,hdockrayep@weebly.com,Male,530,"",Research Assistant II,""
Charlie,Fleis,cfleiseq@sciencedirect.com,Male,531,"",Physical Therapy Assistant,""
Pennie,Raitie,praitieer@cornell.edu,Male,532,"",Automation Specialist IV,""
Jacobo,Diggin,jdiggines@globo.com,Male,533,"",Teacher,""
Steffane,Blizard,sblizardet@a8.net,Female,534,"",Environmental Tech,""
Kial,Crooke,kcrookeeu@chicagotribune.com,Female,535,"",Registered Nurse,""
Alonzo,Couthard,acouthardev@youku.com,Male,536,"",Budget/Accounting Analyst III,""
Trip,Soigoux,tsoigouxew@ox.ac.uk,Male,537,"",Information Systems Manager,""
Morganica,Aizikovitz,maizikovitzex@ucoz.ru,Female,538,"",Physical Therapy Assistant,""
Moises,Boydon,mboydoney@woothemes.com,Male,539,"",Staff Accountant IV,""
Seth,Dimberline,sdimberlineez@cnet.com,Male,540,"",Statistician I,""
Derick,Duffett,dduffettf0@geocities.jp,Male,541,"",Software Test Engineer I,""
Garrott,Dibb,gdibbf1@yandex.ru,Male,542,"",Director of Sales,""
Richart,Coiley,rcoileyf2@tiny.cc,Male,543,"",Mechanical Systems Engineer,""
Alisha,Attoc,aattocf3@washingtonpost.com,Female,544,"",Financial Advisor,""
Valentino,Pond-Jones,vpondjonesf4@loc.gov,Male,545,"",Programmer I,""
Catherine,Broxup,cbroxupf5@storify.com,Female,546,"",Staff Scientist,""
Herta,Plett,hplettf6@springer.com,Female,547,"",Executive Secretary,""
Dasi,Durnian,ddurnianf7@moonfruit.com,Female,548,"",VP Quality Control,""
Lucina,Bontine,lbontinef8@addtoany.com,Female,549,"",Associate Professor,""
Delcine,Scherer,dschererf9@si.edu,Female,550,"",Dental Hygienist,""
Roderic,Bleacher,rbleacherfa@godaddy.com,Male,551,"",Desktop Support Technician,""
Thom,Belford,tbelfordfb@technorati.com,Male,552,"",Software Consultant,""
Constanta,Jindrak,cjindrakfc@wordpress.com,Female,553,"",Administrative Assistant IV,""
Iorgo,Huffa,ihuffafd@sogou.com,Male,554,"",Account Representative IV,""
Shanan,Sprey,sspreyfe@issuu.com,Male,555,"",Technical Writer,""
Randolph,Redferne,rredferneff@angelfire.com,Male,556,"",Mechanical Systems Engineer,""
Pattie,D'Alwis,pdalwisfg@economist.com,Female,557,"",Help Desk Operator,""
Ross,Titterington,rtitteringtonfh@cdc.gov,Male,558,"",Human Resources Manager,""
Bar,Grinsdale,bgrinsdalefi@oakley.com,Male,559,"",Data Coordiator,""
Toddie,Greenier,tgreenierfj@theatlantic.com,Male,560,"",Teacher,""
Fredra,Ring,fringfk@cafepress.com,Female,561,"",Marketing Manager,""
Morgan,Daye,mdayefl@salon.com,Male,562,"",Clinical Specialist,""
Melosa,Tweedlie,mtweedliefm@cyberchimps.com,Female,563,"",Technical Writer,""
Katusha,Jacobovitch,kjacobovitchfn@ftc.gov,Female,564,"",Senior Sales Associate,""
Bryn,Burgiss,bburgissfo@ucoz.ru,Female,565,"",Account Coordinator,""
Reece,Thomason,rthomasonfp@sbwire.com,Male,566,"",Assistant Media Planner,""
Joyann,Clout,jcloutfq@eventbrite.com,Female,567,"",Senior Editor,""
Eloise,Guinn,eguinnfr@ucoz.com,Female,568,"",Desktop Support Technician,""
Harv,Glavin,hglavinfs@cafepress.com,Male,569,"",Environmental Specialist,""
Anne,Northrop,anorthropft@timesonline.co.uk,Female,570,"",Tax Accountant,""
Ode,Bullant,obullantfu@wordpress.org,Male,571,"",Paralegal,""
Vanda,Wheeliker,vwheelikerfv@google.de,Female,572,"",Clinical Specialist,""
Madison,Ostrich,mostrichfw@bbb.org,Male,573,"",Structural Engineer,""
Brit,Karlmann,bkarlmannfx@google.de,Male,574,"",Occupational Therapist,""
Ophelie,Cheeld,ocheeldfy@reddit.com,Female,575,"",Administrative Officer,""
Murielle,Bottleson,mbottlesonfz@va.gov,Female,576,"",Geological Engineer,""
Cullen,Linklet,clinkletg0@flickr.com,Male,577,"",Community Outreach Specialist,""
Corrinne,Claibourn,cclaibourng1@ted.com,Female,578,"",Quality Engineer,""
Dieter,Dmiterko,ddmiterkog2@csmonitor.com,Male,579,"",Statistician II,""
Tomkin,Creavan,tcreavang3@mashable.com,Male,580,"",Health Coach II,""
Rosamund,Treven,rtreveng4@reuters.com,Female,581,"",Product Engineer,""
Colby,Beretta,cberettag5@reference.com,Male,582,"",Social Worker,""
Dugald,Dorgan,ddorgang6@bloglines.com,Male,583,"",Assistant Media Planner,""
Tim,Jaqueme,tjaquemeg7@dion.ne.jp,Female,584,"",Developer I,""
Dorey,Hardin,dharding8@marketwatch.com,Female,585,"",Software Consultant,""
Othelia,Gregolin,ogregoling9@ucsd.edu,Female,586,"",Analog Circuit Design manager,""
Cathi,Mell,cmellga@shop-pro.jp,Female,587,"",Account Representative I,""
Mattheus,Bonellie,mbonelliegb@smugmug.com,Male,588,"",Librarian,""
Derron,Aprahamian,daprahamiangc@woothemes.com,Male,589,"",Legal Assistant,""
Cedric,Tickel,ctickelgd@cocolog-nifty.com,Male,590,"",Biostatistician II,""
Ivar,Elgee,ielgeege@wp.com,Male,591,"",VP Sales,""
Stanislaw,Leggate,sleggategf@amazon.co.jp,Male,592,"",Junior Executive,""
Elset,Lacknor,elacknorgg@dagondesign.com,Female,593,"",Nuclear Power Engineer,""
Brigg,Corbett,bcorbettgh@1688.com,Male,594,"",Senior Cost Accountant,""
Udale,Scroxton,uscroxtongi@mayoclinic.com,Male,595,"",Legal Assistant,""
Nickolas,Whitrod,nwhitrodgj@squidoo.com,Male,596,"",Executive Secretary,""
Kizzie,Petto,kpettogk@mayoclinic.com,Female,597,"",Senior Developer,""
Enoch,Jennaway,ejennawaygl@google.fr,Male,598,"",Design Engineer,""
Jard,Amer,jamergm@japanpost.jp,Male,599,"",Payment Adjustment Coordinator,""
Andrea,Boyne,aboynegn@netvibes.com,Male,600,"",Actuary,""
Rip,Bremond,rbremondgo@mysql.com,Male,601,"",Nurse,""
Orbadiah,Serrell,oserrellgp@yellowbook.com,Male,602,"",Analog Circuit Design manager,""
Gipsy,Schanke,gschankegq@vimeo.com,Female,603,"",Nuclear Power Engineer,""
Aristotle,Whisby,awhisbygr@sphinn.com,Male,604,"",Web Designer I,""
Celine,Crenage,ccrenagegs@oracle.com,Female,605,"",Research Associate,""
Britta,Barense,bbarensegt@youku.com,Female,606,"",Marketing Assistant,""
Enrico,Gatcliff,egatcliffgu@naver.com,Male,607,"",VP Product Management,""
Tracey,Fitt,tfittgv@moonfruit.com,Male,608,"",Software Consultant,""
Pryce,Delyth,pdelythgw@nymag.com,Male,609,"",Legal Assistant,""
Abigail,Eyckel,aeyckelgx@nature.com,Female,610,"",Marketing Assistant,""
Skippy,Sarsons,ssarsonsgy@businesswire.com,Male,611,"",Social Worker,""
Clarabelle,Dumbelton,cdumbeltongz@princeton.edu,Female,612,"",Biostatistician III,""
Brade,Petlyura,bpetlyurah0@domainmarket.com,Male,613,"",Senior Financial Analyst,""
Nelson,Merali,nmeralih1@aboutads.info,Male,614,"",Executive Secretary,""
Georgianna,Wadworth,gwadworthh2@imdb.com,Female,615,"",Automation Specialist II,""
Felicle,Groomebridge,fgroomebridgeh3@technorati.com,Female,616,"",Web Developer I,""
Royall,Stedell,rstedellh4@wikia.com,Male,617,"",Geologist II,""
Persis,Yeo,pyeoh5@blinklist.com,Female,618,"",Internal Auditor,""
Phyllida,Nehlsen,pnehlsenh6@taobao.com,Female,619,"",Business Systems Development Analyst,""
Gerri,Twelftree,gtwelftreeh7@dedecms.com,Male,620,"",Assistant Manager,""
Michaeline,Danilewicz,mdanilewiczh8@go.com,Female,621,"",Research Associate,""
Imogene,Grabeham,igrabehamh9@networksolutions.com,Female,622,"",Actuary,""
Chrisy,Kipping,ckippingha@topsy.com,Male,623,"",Assistant Media Planner,""
Tobi,Colleran,tcolleranhb@eventbrite.com,Female,624,"",Pharmacist,""
Rem,Dolle,rdollehc@shinystat.com,Male,625,"",Assistant Media Planner,""
Bird,Quartermain,bquartermainhd@shareasale.com,Female,626,"",Editor,""
Kristopher,Stannas,kstannashe@163.com,Male,627,"",Budget/Accounting Analyst III,""
Davy,Ceillier,dceillierhf@de.vu,Male,628,"",Assistant Media Planner,""
Trey,Elstob,telstobhg@domainmarket.com,Male,629,"",Quality Control Specialist,""
Cora,Bosworth,cbosworthhh@myspace.com,Female,630,"",Nurse Practicioner,""
Rosy,Pusill,rpusillhi@qq.com,Female,631,"",Project Manager,""
Arni,Testro,atestrohj@imdb.com,Male,632,"",Programmer IV,""
Jorie,Thurborn,jthurbornhk@amazon.com,Female,633,"",Nuclear Power Engineer,""
Annabela,Subhan,asubhanhl@wix.com,Female,634,"",Information Systems Manager,""
Yorgos,Gavagan,ygavaganhm@4shared.com,Male,635,"",Marketing Assistant,""
Lissa,Whysall,lwhysallhn@yolasite.com,Female,636,"",Senior Editor,""
Laurella,Bein,lbeinho@creativecommons.org,Female,637,"",Geologist I,""
Lindon,Feaster,lfeasterhp@bizjournals.com,Male,638,"",Paralegal,""
Tracey,Borles,tborleshq@skype.com,Male,639,"",Engineer III,""
Ferd,Mackriell,fmackriellhr@woothemes.com,Male,640,"",Compensation Analyst,""
Malynda,Milstead,mmilsteadhs@newsvine.com,Female,641,"",Human Resources Manager,""
Anatola,Caulier,acaulierht@wikispaces.com,Female,642,"",Automation Specialist IV,""
Beverley,Tupie,btupiehu@ebay.com,Female,643,"",Data Coordiator,""
Arlie,Yurikov,ayurikovhv@skyrock.com,Female,644,"",Community Outreach Specialist,""
Wolf,Hynd,whyndhw@fastcompany.com,Male,645,"",Civil Engineer,""
Ricardo,Entissle,rentisslehx@storify.com,Male,646,"",Budget/Accounting Analyst IV,""
Viviene,Baillie,vbailliehy@e-recht24.de,Female,647,"",Senior Developer,""
Reamonn,Fears,rfearshz@e-recht24.de,Male,648,"",Executive Secretary,""
Vikky,Clarkson,vclarksoni0@buzzfeed.com,Female,649,"",Help Desk Technician,""
Hadria,Woodyear,hwoodyeari1@shutterfly.com,Female,650,"",Accountant III,""
Rina,Wickerson,rwickersoni2@senate.gov,Female,651,"",Teacher,""
Robert,Haylock,rhaylocki3@smugmug.com,Male,652,"",Teacher,""
Bil,Eardley,beardleyi4@360.cn,Male,653,"",Geological Engineer,""
Alano,Aleksankov,aaleksankovi5@imgur.com,Male,654,"",Registered Nurse,""
Claudia,Kirsche,ckirschei6@bravesites.com,Female,655,"",Web Designer II,""
Darline,Joll,djolli7@photobucket.com,Female,656,"",Payment Adjustment Coordinator,""
Gustavus,Shinfield,gshinfieldi8@sitemeter.com,Male,657,"",Structural Engineer,""
Dory,Ribchester,dribchesteri9@spiegel.de,Male,658,"",Pharmacist,""
Zorine,Jirusek,zjirusekia@feedburner.com,Female,659,"",Marketing Manager,""
Illa,Pleasance,ipleasanceib@springer.com,Female,660,"",Business Systems Development Analyst,""
Colline,Billany,cbillanyic@i2i.jp,Female,661,"",Human Resources Assistant I,""
Ingeborg,Byles,ibylesid@cargocollective.com,Female,662,"",Sales Associate,""
Vania,Habard,vhabardie@wufoo.com,Female,663,"",Social Worker,""
Sinclair,Reichert,sreichertif@meetup.com,Male,664,"",VP Quality Control,""
Koenraad,Whitwood,kwhitwoodig@geocities.com,Male,665,"",Marketing Assistant,""
Quentin,Lipscomb,qlipscombih@bigcartel.com,Female,666,"",Design Engineer,""
Freida,Gurry,fgurryii@51.la,Female,667,"",Senior Editor,""
Cletis,Purle,cpurleij@state.gov,Male,668,"",Operator,""
Honoria,Laskey,hlaskeyik@vistaprint.com,Female,669,"",Analyst Programmer,""
Tasia,Thunderchief,tthunderchiefil@cbslocal.com,Female,670,"",Cost Accountant,""
Donall,Gunda,dgundaim@ihg.com,Male,671,"",Administrative Assistant IV,""
Pen,Chitham,pchithamin@soup.io,Male,672,"",Media Manager II,""
Allix,Madgwich,amadgwichio@hc360.com,Female,673,"",Office Assistant IV,""
Stefanie,Matys,smatysip@baidu.com,Female,674,"",Programmer I,""
Baldwin,Cheston,bchestoniq@toplist.cz,Male,675,"",Director of Sales,""
Farrah,Palleske,fpalleskeir@theguardian.com,Female,676,"",Cost Accountant,""
Sawyer,Syrad,ssyradis@dmoz.org,Male,677,"",Speech Pathologist,""
Hakeem,Warland,hwarlandit@1und1.de,Male,678,"",Desktop Support Technician,""
Ellissa,Seiler,eseileriu@elegantthemes.com,Female,679,"",Database Administrator I,""
Cecil,Krojn,ckrojniv@scientificamerican.com,Male,680,"",Marketing Manager,""
Kalinda,Gulliford,kgullifordiw@blog.com,Female,681,"",Marketing Assistant,""
Bill,Maxstead,bmaxsteadix@whitehouse.gov,Female,682,"",Staff Accountant I,""
Zebedee,Benallack,zbenallackiy@google.co.jp,Male,683,"",Biostatistician IV,""
Karlis,Starten,kstarteniz@fc2.com,Male,684,"",Geologist III,""
Bertrando,Hirche,bhirchej0@google.co.uk,Male,685,"",Senior Sales Associate,""
Milicent,Turnbull,mturnbullj1@mysql.com,Female,686,"",Administrative Officer,""
Linda,Portt,lporttj2@pcworld.com,Female,687,"",Clinical Specialist,""
Kirbie,Woolfoot,kwoolfootj3@ftc.gov,Female,688,"",VP Quality Control,""
Belia,Tyzack,btyzackj4@apple.com,Female,689,"",Director of Sales,""
Maude,Greenmon,mgreenmonj5@mediafire.com,Female,690,"",Developer I,""
Don,Priddy,dpriddyj6@wikia.com,Male,691,"",Administrative Assistant IV,""
Nedi,Ind,nindj7@accuweather.com,Female,692,"",Media Manager II,""
Fredia,Randles,frandlesj8@umich.edu,Female,693,"",Data Coordiator,""
Marsh,Redish,mredishj9@addthis.com,Male,694,"",Pharmacist,""
Symon,Guerreau,sguerreauja@ezinearticles.com,Male,695,"",Structural Engineer,""
Gizela,Gueny,gguenyjb@apache.org,Female,696,"",Geological Engineer,""
Alonzo,Taig,ataigjc@nytimes.com,Male,697,"",Automation Specialist II,""
Noni,Fetter,nfetterjd@clickbank.net,Female,698,"",Assistant Manager,""
Bartel,McKeurton,bmckeurtonje@cdc.gov,Male,699,"",Database Administrator I,""
Ninnetta,Salliss,nsallissjf@blog.com,Female,700,"",Human Resources Assistant IV,""
Kerwinn,Boram,kboramjg@buzzfeed.com,Male,701,"",Staff Scientist,""
Prissie,Como,pcomojh@goo.gl,Female,702,"",Electrical Engineer,""
Odessa,Baylis,obaylisji@rambler.ru,Female,703,"",Geologist I,""
Andrus,Brett,abrettjj@accuweather.com,Male,704,"",Internal Auditor,""
Erie,Joseph,ejosephjk@cdbaby.com,Male,705,"",Senior Editor,""
Sly,Allcott,sallcottjl@multiply.com,Male,706,"",Research Assistant II,""
Neilla,Manon,nmanonjm@blogger.com,Female,707,"",Account Coordinator,""
Rudie,Gellert,rgellertjn@ucoz.com,Male,708,"",Clinical Specialist,""
Taryn,Jermey,tjermeyjo@aol.com,Female,709,"",Marketing Assistant,""
Debi,Daintier,ddaintierjp@symantec.com,Female,710,"",Data Coordiator,""
Ave,Halkyard,ahalkyardjq@newsvine.com,Male,711,"",Database Administrator II,""
Creigh,McMichan,cmcmichanjr@gravatar.com,Male,712,"",Professor,""
Zebedee,Soppeth,zsoppethjs@tinyurl.com,Male,713,"",Computer Systems Analyst IV,""
Merry,Hattiff,mhattiffjt@digg.com,Male,714,"",Accountant III,""
Florence,Maitland,fmaitlandju@blogtalkradio.com,Female,715,"",Recruiter,""
Brantley,Shepley,bshepleyjv@oakley.com,Male,716,"",Research Associate,""
Hesther,Jerrolt,hjerroltjw@gnu.org,Female,717,"",Research Nurse,""
Aundrea,Chene,achenejx@blogs.com,Female,718,"",Teacher,""
Woodman,Fitzjohn,wfitzjohnjy@columbia.edu,Male,719,"",Graphic Designer,""
Raye,Snookes,rsnookesjz@unesco.org,Female,720,"",Staff Accountant I,""
Una,Smiths,usmithsk0@nasa.gov,Female,721,"",Budget/Accounting Analyst III,""
Jacquie,Celler,jcellerk1@disqus.com,Female,722,"",Staff Scientist,""
Johnette,Winsbury,jwinsburyk2@comsenz.com,Female,723,"",Assistant Manager,""
Blythe,Voules,bvoulesk3@merriam-webster.com,Female,724,"",Analyst Programmer,""
Reggie,Benedetti,rbenedettik4@fda.gov,Female,725,"",VP Sales,""
Antonio,Whyteman,awhytemank5@slashdot.org,Male,726,"",Financial Analyst,""
Darline,Greenall,dgreenallk6@cmu.edu,Female,727,"",Help Desk Technician,""
Kaela,Boatswain,kboatswaink7@cbslocal.com,Female,728,"",Actuary,""
Rebeka,Hebborne,rhebbornek8@nymag.com,Female,729,"",Biostatistician I,""
Cahra,Cornillot,ccornillotk9@booking.com,Female,730,"",Chief Design Engineer,""
Van,Brockley,vbrockleyka@independent.co.uk,Male,731,"",Senior Quality Engineer,""
Hailey,Cowperthwaite,hcowperthwaitekb@scribd.com,Male,732,"",Community Outreach Specialist,""
Lincoln,Freezer,lfreezerkc@123-reg.co.uk,Male,733,"",GIS Technical Architect,""
Stillman,Tuplin,stuplinkd@columbia.edu,Male,734,"",VP Quality Control,""
Chrisse,Durdan,cdurdanke@unc.edu,Male,735,"",Research Associate,""
Stacy,MacPike,smacpikekf@boston.com,Male,736,"",Account Coordinator,""
Jefferey,Starking,jstarkingkg@quantcast.com,Male,737,"",Web Designer III,""
Kelci,Braz,kbrazkh@cnbc.com,Female,738,"",Help Desk Operator,""
Gaspar,Alliker,gallikerki@abc.net.au,Male,739,"",Tax Accountant,""
Roarke,Kulis,rkuliskj@qq.com,Male,740,"",Programmer III,""
Marci,Dallender,mdallenderkk@virginia.edu,Female,741,"",Senior Editor,""
Enrica,Fane,efanekl@ibm.com,Female,742,"",Assistant Manager,""
Malanie,Boswood,mboswoodkm@cbslocal.com,Female,743,"",Electrical Engineer,""
Laurent,Benedetti,lbenedettikn@sun.com,Male,744,"",Senior Sales Associate,""
Hannie,Grewer,hgrewerko@who.int,Female,745,"",Junior Executive,""
Gunter,Peake,gpeakekp@opensource.org,Male,746,"",Dental Hygienist,""
Estrellita,Dono,edonokq@squidoo.com,Female,747,"",Senior Sales Associate,""
Freddie,Logie,flogiekr@google.ca,Female,748,"",Research Nurse,""
Cassondra,Ferreiro,cferreiroks@indiegogo.com,Female,749,"",Administrative Officer,""
Dalton,Hargreave,dhargreavekt@comcast.net,Male,750,"",Biostatistician IV,""
Kylie,Nesbitt,knesbittku@fotki.com,Male,751,"",VP Quality Control,""
Shurlocke,Castiblanco,scastiblancokv@theatlantic.com,Male,752,"",Compensation Analyst,""
Marlyn,Whittaker,mwhittakerkw@sitemeter.com,Female,753,"",Tax Accountant,""
Wright,Rosendahl,wrosendahlkx@cornell.edu,Male,754,"",Office Assistant I,""
Kiah,O'Hoey,kohoeyky@gmpg.org,Female,755,"",Speech Pathologist,""
Cristian,Richardsson,crichardssonkz@lycos.com,Male,756,"",Design Engineer,""
Mycah,Buckner,mbucknerl0@sakura.ne.jp,Male,757,"",Safety Technician II,""
Pammie,Salazar,psalazarl1@apache.org,Female,758,"",Senior Quality Engineer,""
Robinette,Balcers,rbalcersl2@godaddy.com,Female,759,"",Teacher,""
Kordula,Earley,kearleyl3@house.gov,Female,760,"",Legal Assistant,""
Meade,Peschmann,mpeschmannl4@ox.ac.uk,Female,761,"",Senior Quality Engineer,""
Jordanna,Flannery,jflanneryl5@so-net.ne.jp,Female,762,"",Sales Representative,""
Auberon,Osborn,aosbornl6@instagram.com,Male,763,"",Geological Engineer,""
Tracie,Summerson,tsummersonl7@salon.com,Male,764,"",Staff Scientist,""
Emily,Klimkin,eklimkinl8@mapy.cz,Female,765,"",Internal Auditor,""
Shawna,Mc Mechan,smcmechanl9@4shared.com,Female,766,"",Health Coach II,""
Carrie,Edwick,cedwickla@live.com,Female,767,"",VP Product Management,""
Adamo,Gronous,agronouslb@nyu.edu,Male,768,"",Registered Nurse,""
Brana,Preston,bprestonlc@odnoklassniki.ru,Female,769,"",Administrative Officer,""
L;urette,Bucknall,lbucknallld@linkedin.com,Female,770,"",Assistant Professor,""
Terrence,Bein,tbeinle@slate.com,Male,771,"",Nuclear Power Engineer,""
Mady,Engelmann,mengelmannlf@netscape.com,Female,772,"",Structural Analysis Engineer,""
Berte,Misk,bmisklg@ed.gov,Female,773,"",Research Associate,""
Blisse,Viveash,bviveashlh@wikimedia.org,Female,774,"",Physical Therapy Assistant,""
De witt,Sign,dsignli@hibu.com,Male,775,"",Media Manager I,""
Desirae,Whenman,dwhenmanlj@princeton.edu,Female,776,"",Staff Scientist,""
Evelyn,Coon,ecoonlk@w3.org,Female,777,"",Physical Therapy Assistant,""
Elsy,Vasilyev,evasilyevll@bbc.co.uk,Female,778,"",Occupational Therapist,""
Virgilio,Stubbe,vstubbelm@multiply.com,Male,779,"",Research Nurse,""
Reggis,Lucas,rlucasln@narod.ru,Male,780,"",Environmental Specialist,""
Corissa,Chatenier,cchatenierlo@bbb.org,Female,781,"",Senior Financial Analyst,""
Maddalena,Nudds,mnuddslp@newsvine.com,Female,782,"",Software Engineer II,""
Waylen,Christofe,wchristofelq@epa.gov,Male,783,"",Director of Sales,""
Ardelle,Jaram,ajaramlr@alexa.com,Female,784,"",Human Resources Assistant II,""
De witt,Agerskow,dagerskowls@instagram.com,Male,785,"",Accounting Assistant I,""
Chen,Tuckey,ctuckeylt@craigslist.org,Male,786,"",Senior Sales Associate,""
Hynda,Marcham,hmarchamlu@mediafire.com,Female,787,"",Software Consultant,""
Lissie,Lanchbery,llanchberylv@va.gov,Female,788,"",Web Developer IV,""
Robinett,Sandys,rsandyslw@biblegateway.com,Female,789,"",Web Designer I,""
Shaun,D'Onise,sdoniselx@sourceforge.net,Male,790,"",Quality Control Specialist,""
Katharine,Seiler,kseilerly@apache.org,Female,791,"",Recruiter,""
Gar,Crucetti,gcrucettilz@discovery.com,Male,792,"",Sales Associate,""
Loutitia,Froom,lfroomm0@ucoz.com,Female,793,"",Administrative Officer,""
Luce,Caldeiro,lcaldeirom1@chicagotribune.com,Male,794,"",Paralegal,""
Gaultiero,Breakey,gbreakeym2@senate.gov,Male,795,"",Chief Design Engineer,""
Lauren,Gerasch,lgeraschm3@example.com,Female,796,"",Information Systems Manager,""
Andreana,Paige,apaigem4@discovery.com,Female,797,"",Technical Writer,""
Calvin,Dunmore,cdunmorem5@imdb.com,Male,798,"",Assistant Professor,""
Raye,Beddow,rbeddowm6@ameblo.jp,Female,799,"",Product Engineer,""
Dody,Dennes,ddennesm7@harvard.edu,Female,800,"",VP Accounting,""
Farly,Rens,frensm8@dot.gov,Male,801,"",Pharmacist,""
Kathye,Paolacci,kpaolaccim9@goo.gl,Female,802,"",Assistant Professor,""
Mamie,Simes,msimesma@geocities.com,Female,803,"",Help Desk Operator,""
Jarib,Biddlecombe,jbiddlecombemb@w3.org,Male,804,"",Financial Analyst,""
Roman,Marle,rmarlemc@guardian.co.uk,Male,805,"",Database Administrator I,""
Lelah,Geockle,lgeocklemd@purevolume.com,Female,806,"",Project Manager,""
Aveline,Boycott,aboycottme@acquirethisname.com,Female,807,"",Information Systems Manager,""
Finley,Tures,fturesmf@acquirethisname.com,Male,808,"",Software Consultant,""
Omero,Marfe,omarfemg@smh.com.au,Male,809,"",Staff Accountant I,""
Nanette,Tregonna,ntregonnamh@theglobeandmail.com,Female,810,"",Accounting Assistant IV,""
Calley,Spragge,cspraggemi@cdbaby.com,Female,811,"",Dental Hygienist,""
Gregorio,Petrenko,gpetrenkomj@nhs.uk,Male,812,"",Account Representative I,""
Phillipe,Shepeard,pshepeardmk@newsvine.com,Male,813,"",Senior Cost Accountant,""
Bart,Toplis,btoplisml@dot.gov,Male,814,"",Electrical Engineer,""
Cammie,Phillins,cphillinsmm@shareasale.com,Female,815,"",Analyst Programmer,""
Walsh,Tapp,wtappmn@reference.com,Male,816,"",Food Chemist,""
Alidia,Flooks,aflooksmo@imdb.com,Female,817,"",Accounting Assistant I,""
Brenda,Terbeek,bterbeekmp@google.pl,Female,818,"",Analyst Programmer,""
Dion,Negal,dnegalmq@alexa.com,Male,819,"",Registered Nurse,""
Say,Beddo,sbeddomr@si.edu,Male,820,"",Research Assistant II,""
Jana,Petrollo,jpetrolloms@ucoz.ru,Female,821,"",Database Administrator II,""
Prentiss,Inglefield,pinglefieldmt@google.com.br,Male,822,"",Safety Technician I,""
Koenraad,Houltham,khoulthammu@ihg.com,Male,823,"",Business Systems Development Analyst,""
Munroe,Chisolm,mchisolmmv@biglobe.ne.jp,Male,824,"",Staff Scientist,""
Levey,Cresser,lcressermw@telegraph.co.uk,Male,825,"",Budget/Accounting Analyst II,""
Curt,McBrady,cmcbradymx@surveymonkey.com,Male,826,"",Research Assistant II,""
Noak,Geary,ngearymy@craigslist.org,Male,827,"",Budget/Accounting Analyst IV,""
Gallard,Ledamun,gledamunmz@163.com,Male,828,"",Actuary,""
Maure,Hains,mhainsn0@microsoft.com,Female,829,"",Data Coordiator,""
Lilias,Madre,lmadren1@harvard.edu,Female,830,"",Assistant Professor,""
Lyndel,Pembridge,lpembridgen2@godaddy.com,Female,831,"",Automation Specialist IV,""
Clio,Haquard,chaquardn3@geocities.com,Female,832,"",Technical Writer,""
Melinde,Frayne,mfraynen4@wikimedia.org,Female,833,"",Recruiter,""
Tonie,Upham,tuphamn5@imdb.com,Female,834,"",Professor,""
Clementine,Rapkins,crapkinsn6@gnu.org,Female,835,"",GIS Technical Architect,""
Demetris,Brimacombe,dbrimacomben7@technorati.com,Male,836,"",VP Sales,""
Liana,Buckie,lbuckien8@imdb.com,Female,837,"",Biostatistician III,""
Ray,Scini,rscinin9@meetup.com,Male,838,"",Marketing Assistant,""
Trude,Longworthy,tlongworthyna@ihg.com,Female,839,"",Nurse,""
Brigham,Cammocke,bcammockenb@scribd.com,Male,840,"",Senior Cost Accountant,""
Julius,Burgne,jburgnenc@e-recht24.de,Male,841,"",Programmer I,""
Cort,Huddart,chuddartnd@alexa.com,Male,842,"",Dental Hygienist,""
Sheree,Whylie,swhyliene@nhs.uk,Female,843,"",Physical Therapy Assistant,""
Garnette,Cheves,gchevesnf@tinyurl.com,Female,844,"",Recruiter,""
Elspeth,Hannis,ehannisng@baidu.com,Female,845,"",Electrical Engineer,""
Meryl,Cuesta,mcuestanh@unicef.org,Female,846,"",Chief Design Engineer,""
Adela,Moxted,amoxtedni@squidoo.com,Female,847,"",VP Product Management,""
Dov,Matovic,dmatovicnj@pen.io,Male,848,"",Help Desk Operator,""
Axel,Plewright,aplewrightnk@go.com,Male,849,"",Systems Administrator III,""
Fremont,Giacomasso,fgiacomassonl@ocn.ne.jp,Male,850,"",Director of Sales,""
Lynelle,Checchetelli,lchecchetellinm@miitbeian.gov.cn,Female,851,"",Analyst Programmer,""
Glyn,Rabat,grabatnn@posterous.com,Male,852,"",Nuclear Power Engineer,""
Eli,Desantis,edesantisno@miitbeian.gov.cn,Male,853,"",Senior Sales Associate,""
Analiese,Phonix,aphonixnp@shareasale.com,Female,854,"",Software Consultant,""
Onfroi,Bossingham,obossinghamnq@fotki.com,Male,855,"",Statistician III,""
Erick,Levicount,elevicountnr@jimdo.com,Male,856,"",Nuclear Power Engineer,""
Allix,Fieldgate,afieldgatens@taobao.com,Female,857,"",Nurse Practicioner,""
Cristionna,Galfour,cgalfournt@wordpress.com,Female,858,"",General Manager,""
Lucina,Romera,lromeranu@irs.gov,Female,859,"",Research Nurse,""
Bobbie,Borkett,bborkettnv@deliciousdays.com,Female,860,"",Assistant Media Planner,""
Claiborn,Selliman,csellimannw@bizjournals.com,Male,861,"",Senior Developer,""
Maye,Hooke,mhookenx@eepurl.com,Female,862,"",Environmental Tech,""
Quinta,Hawkins,qhawkinsny@addthis.com,Female,863,"",Graphic Designer,""
Dniren,Shatliff,dshatliffnz@xing.com,Female,864,"",Clinical Specialist,""
Mead,Lawson,mlawsono0@networksolutions.com,Female,865,"",Media Manager III,""
Lonny,Cosser,lcossero1@microsoft.com,Male,866,"",Automation Specialist I,""
Agace,Blandford,ablandfordo2@hao123.com,Female,867,"",Design Engineer,""
Nerte,Anand,nanando3@google.de,Female,868,"",Paralegal,""
Birk,Pedlingham,bpedlinghamo4@dagondesign.com,Male,869,"",Quality Control Specialist,""
Nanice,Laurant,nlauranto5@networksolutions.com,Female,870,"",Information Systems Manager,""
Mario,Johnsee,mjohnseeo6@51.la,Male,871,"",Dental Hygienist,""
Yancey,Janoschek,yjanoscheko7@arstechnica.com,Male,872,"",Executive Secretary,""
Wells,Frankis,wfrankiso8@sina.com.cn,Male,873,"",Senior Cost Accountant,""
Corbin,Duhig,cduhigo9@technorati.com,Male,874,"",Administrative Officer,""
Harlen,Thow,hthowoa@webnode.com,Male,875,"",VP Accounting,""
Nelia,May,nmayob@etsy.com,Female,876,"",Legal Assistant,""
Lazar,Jaquiss,ljaquissoc@bluehost.com,Male,877,"",Executive Secretary,""
Aurlie,Haws,ahawsod@noaa.gov,Female,878,"",Senior Editor,""
Tirrell,Doghartie,tdoghartieoe@wunderground.com,Male,879,"",Food Chemist,""
Loretta,Catherine,lcatherineof@narod.ru,Female,880,"",Chemical Engineer,""
Torrin,Buesnel,tbuesnelog@rambler.ru,Male,881,"",Financial Advisor,""
Dulsea,Patrie,dpatrieoh@devhub.com,Female,882,"",Human Resources Assistant IV,""
Ariadne,Belchambers,abelchambersoi@walmart.com,Female,883,"",Mechanical Systems Engineer,""
Yolane,Baly,ybalyoj@opensource.org,Female,884,"",Senior Quality Engineer,""
Oliy,Eite,oeiteok@ning.com,Female,885,"",Staff Scientist,""
Thorndike,Birchenough,tbirchenoughol@scribd.com,Male,886,"",Geologist I,""
Perkin,Manis,pmanisom@ask.com,Male,887,"",Sales Representative,""
Dar,Darmody,ddarmodyon@tumblr.com,Male,888,"",Business Systems Development Analyst,""
Isaak,McBay,imcbayoo@skyrock.com,Male,889,"",VP Marketing,""
Loralee,Peealess,lpeealessop@wix.com,Female,890,"",Clinical Specialist,""
Gib,Geal,ggealoq@i2i.jp,Male,891,"",Professor,""
Ethel,Trinbey,etrinbeyor@stanford.edu,Female,892,"",Sales Associate,""
Gretta,Joan,gjoanos@i2i.jp,Female,893,"",Financial Advisor,""
Trisha,Synder,tsynderot@cornell.edu,Female,894,"",Senior Cost Accountant,""
Lonnie,Cauley,lcauleyou@ted.com,Female,895,"",Speech Pathologist,""
Harrie,Sweatman,hsweatmanov@netscape.com,Female,896,"",Staff Scientist,""
Aubrey,Please,apleaseow@answers.com,Male,897,"",Computer Systems Analyst I,""
Gustave,Rizzi,grizziox@cbc.ca,Male,898,"",Compensation Analyst,""
Nikita,Joisce,njoisceoy@acquirethisname.com,Male,899,"",Engineer I,""
Norry,Sandhill,nsandhilloz@instagram.com,Female,900,"",Accountant III,""
Sidonia,Treagust,streagustp0@reuters.com,Female,901,"",Senior Quality Engineer,""
Thibaut,Devey,tdeveyp1@ycombinator.com,Male,902,"",Payment Adjustment Coordinator,""
Madison,Mantione,mmantionep2@rakuten.co.jp,Male,903,"",Accounting Assistant IV,""
Jecho,Willerson,jwillersonp3@earthlink.net,Male,904,"",Geologist IV,""
Feodora,Robbs,frobbsp4@github.com,Female,905,"",Registered Nurse,""
Ameline,Garett,agarettp5@stanford.edu,Female,906,"",Chief Design Engineer,""
Wood,Mole,wmolep6@ask.com,Male,907,"",Associate Professor,""
Morissa,Blencoe,mblencoep7@lulu.com,Female,908,"",Help Desk Operator,""
Hedwiga,Batstone,hbatstonep8@toplist.cz,Female,909,"",Community Outreach Specialist,""
Radcliffe,Tunstall,rtunstallp9@forbes.com,Male,910,"",Recruiting Manager,""
Anderea,Tupling,atuplingpa@dell.com,Female,911,"",Pharmacist,""
Herbert,Goady,hgoadypb@irs.gov,Male,912,"",VP Marketing,""
Kaitlin,Hamley,khamleypc@google.ru,Female,913,"",Senior Quality Engineer,""
Morissa,Harrild,mharrildpd@yellowbook.com,Female,914,"",Senior Cost Accountant,""
Willey,Titman,wtitmanpe@cloudflare.com,Male,915,"",Community Outreach Specialist,""
Kaleena,Emor,kemorpf@theatlantic.com,Female,916,"",Account Representative IV,""
Had,Caple,hcaplepg@reuters.com,Male,917,"",Teacher,""
Valentijn,Probin,vprobinph@vk.com,Male,918,"",Recruiter,""
Bennie,Scullard,bscullardpi@microsoft.com,Female,919,"",Account Representative IV,""
Prent,Boat,pboatpj@xrea.com,Male,920,"",Electrical Engineer,""
Gabriel,Vedishchev,gvedishchevpk@nbcnews.com,Male,921,"",Software Test Engineer II,""
Correna,Kirman,ckirmanpl@state.tx.us,Female,922,"",Programmer I,""
Ramona,Romeo,rromeopm@jalbum.net,Female,923,"",VP Product Management,""
Aurie,Sauniere,asaunierepn@ted.com,Female,924,"",Research Assistant III,""
Lani,Lucien,llucienpo@state.tx.us,Female,925,"",Web Developer II,""
Olivero,Kupper,okupperpp@state.gov,Male,926,"",Professor,""
Wells,Freeth,wfreethpq@hexun.com,Male,927,"",Product Engineer,""
Adaline,Blondell,ablondellpr@aboutads.info,Female,928,"",Food Chemist,""
Yoshiko,Teggin,ytegginps@wordpress.com,Female,929,"",Internal Auditor,""
Erasmus,Kryzhov,ekryzhovpt@vk.com,Male,930,"",Administrative Assistant III,""
Sheilakathryn,Breslane,sbreslanepu@prweb.com,Female,931,"",Community Outreach Specialist,""
Jeddy,Krop,jkroppv@a8.net,Male,932,"",Cost Accountant,""
Kile,Jermyn,kjermynpw@europa.eu,Male,933,"",Editor,""
Patric,Offill,poffillpx@ox.ac.uk,Male,934,"",Marketing Manager,""
Doloritas,Coulman,dcoulmanpy@google.fr,Female,935,"",Environmental Specialist,""
Zebulen,Mandrake,zmandrakepz@latimes.com,Male,936,"",Civil Engineer,""
Phyllida,Kibard,pkibardq0@opensource.org,Female,937,"",Technical Writer,""
Vlad,Gauld,vgauldq1@wp.com,Male,938,"",Registered Nurse,""
Diena,Colegate,dcolegateq2@cyberchimps.com,Female,939,"",Data Coordiator,""
Drucie,Napolione,dnapolioneq3@kickstarter.com,Female,940,"",Director of Sales,""
Edlin,Caudrelier,ecaudrelierq4@jugem.jp,Male,941,"",Compensation Analyst,""
Jacky,McMurtyr,jmcmurtyrq5@nhs.uk,Female,942,"",Web Developer I,""
Roanna,Andersen,randersenq6@nba.com,Female,943,"",VP Product Management,""
Frannie,Monketon,fmonketonq7@vinaora.com,Male,944,"",Registered Nurse,""
Farrah,Poulney,fpoulneyq8@tinyurl.com,Female,945,"",Payment Adjustment Coordinator,""
Trace,Jeffrey,tjeffreyq9@ox.ac.uk,Male,946,"",Biostatistician IV,""
Siward,Cottell,scottellqa@eepurl.com,Male,947,"",Civil Engineer,""
Carleton,Gosswell,cgosswellqb@foxnews.com,Male,948,"",Chief Design Engineer,""
Ivett,Kibblewhite,ikibblewhiteqc@csmonitor.com,Female,949,"",Social Worker,""
Drusy,Hinze,dhinzeqd@miitbeian.gov.cn,Female,950,"",Clinical Specialist,""
Maggie,Mufford,mmuffordqe@artisteer.com,Female,951,"",Civil Engineer,""
Cobb,Cato,ccatoqf@elegantthemes.com,Male,952,"",VP Quality Control,""
Irvine,Caron,icaronqg@4shared.com,Male,953,"",Sales Representative,""
Harley,Nutter,hnutterqh@gov.uk,Male,954,"",Programmer Analyst III,""
Yoko,Wurz,ywurzqi@pagesperso-orange.fr,Female,955,"",Information Systems Manager,""
Eleonora,Bourton,ebourtonqj@biblegateway.com,Female,956,"",Software Test Engineer II,""
Barnard,Britland,bbritlandqk@ucsd.edu,Male,957,"",Research Associate,""
Winnie,Licciardello,wlicciardelloql@discuz.net,Male,958,"",Clinical Specialist,""
Cele,Meriot,cmeriotqm@fc2.com,Female,959,"",Occupational Therapist,""
Abelard,Dillinger,adillingerqn@google.co.jp,Male,960,"",Programmer I,""
Gunar,Cesco,gcescoqo@multiply.com,Male,961,"",Financial Advisor,""
Rivi,Nockolds,rnockoldsqp@soundcloud.com,Female,962,"",Programmer Analyst II,""
Devonna,Fortesquieu,dfortesquieuqq@craigslist.org,Female,963,"",Geologist III,""
Carlita,Sherer,cshererqr@wp.com,Female,964,"",Dental Hygienist,""
Giana,MacDirmid,gmacdirmidqs@addthis.com,Female,965,"",Business Systems Development Analyst,""
Karissa,Hebbard,khebbardqt@ycombinator.com,Female,966,"",Professor,""
Archie,Colkett,acolkettqu@twitpic.com,Male,967,"",Editor,""
Margaret,Braidford,mbraidfordqv@oaic.gov.au,Female,968,"",Community Outreach Specialist,""
Roanne,Chance,rchanceqw@twitpic.com,Female,969,"",Chemical Engineer,""
Suzann,Gerardet,sgerardetqx@hatena.ne.jp,Female,970,"",Design Engineer,""
Blanche,McArt,bmcartqy@dropbox.com,Female,971,"",Research Nurse,""
Elia,Mewes,emewesqz@zimbio.com,Male,972,"",Data Coordiator,""
Bogart,Rittmeier,brittmeierr0@ning.com,Male,973,"",Sales Associate,""
Wildon,Lippatt,wlippattr1@msn.com,Male,974,"",Account Executive,""
Ynes,Lates,ylatesr2@zimbio.com,Female,975,"",Senior Financial Analyst,""
Luisa,Kristof,lkristofr3@google.de,Female,976,"",Junior Executive,""
Grange,Watson-Brown,gwatsonbrownr4@jimdo.com,Male,977,"",Automation Specialist III,""
Krista,Karle,kkarler5@twitter.com,Female,978,"",Accounting Assistant I,""
Ginni,Verzey,gverzeyr6@mozilla.org,Female,979,"",Software Test Engineer I,""
Milzie,Praten,mpratenr7@pinterest.com,Female,980,"",Cost Accountant,""
Kristel,Bunton,kbuntonr8@nbcnews.com,Female,981,"",Food Chemist,""
Sheffield,Despenser,sdespenserr9@unblog.fr,Male,982,"",Staff Scientist,""
Sigismondo,Skyram,sskyramra@omniture.com,Male,983,"",Payment Adjustment Coordinator,""
Ab,Broady,abroadyrb@spiegel.de,Male,984,"",Chemical Engineer,""
Brew,Husher,bhusherrc@woothemes.com,Male,985,"",Electrical Engineer,""
Jessa,Joskowitz,jjoskowitzrd@ehow.com,Female,986,"",Technical Writer,""
Trixi,Byrcher,tbyrcherre@dion.ne.jp,Female,987,"",Account Coordinator,""
Reg,Ausello,rausellorf@opera.com,Male,988,"",Accounting Assistant III,""
Rip,Skudder,rskudderrg@etsy.com,Male,989,"",Social Worker,""
Analise,Iacomettii,aiacomettiirh@w3.org,Female,990,"",Social Worker,""
Hanan,Chittock,hchittockri@studiopress.com,Male,991,"",Business Systems Development Analyst,""
Krystalle,Kearle,kkearlerj@rambler.ru,Female,992,"",Chemical Engineer,""
Gwenny,Sealeaf,gsealeafrk@macromedia.com,Female,993,"",Editor,""
Hal,Lanfranchi,hlanfranchirl@smh.com.au,Male,994,"",Data Coordiator,""
Georas,Neil,gneilrm@jalbum.net,Male,995,"",Chief Design Engineer,""
Stearn,Colthurst,scolthurstrn@independent.co.uk,Male,996,"",Engineer I,""
Oswald,Breache,obreachero@plala.or.jp,Male,997,"",Web Developer II,""
Linell,Williamson,lwilliamsonrp@hubpages.com,Female,998,"",Desktop Support Technician,""
Emmit,Gogin,egoginrq@prweb.com,Male,999,"",General Manager,""
Gauthier,Kerner,gkernerrr@vinaora.com,Male,1000,"",Pharmacist,""
